url,label
https://mps.canjear-ahora.com/c/p/tc/3348/6fc31f56-05e4-43bc-8d61-12bffad47659-704fbdd4-c3e8-4a00-9d05-28b3565c9b58/,1
http://044ac74.wcomhost.com/newdemary/customer_center/customer-IDPP00C513/myaccount/signin/?country.x=&locale.x=en_,1
http://000o8dc.wcomhost.com/www.santanderbanco.es/bancosantander/es/particulares/Santander/085a79cda16f5e151892fc6d32ab48ae/codigo_incorrecta.php,1
http://04327c.com,1
http://wvwvw-roblox.com/users/4200054/profile,1
https://imtokenwallet.shop/,1
https://ato-online.vercel.app/,1
http://01genrasecrit74522.atwebpages.com/validar-datos2.html,1
http://04713659.com,1
https://listado.mercadolibre.com.uy/samsung-s24,1
http://000m8ih.wcomhost.com/papa/3d7bf/index_2.html,1
http://8ujoo-4.pages.dev/customer-preferences/country?ie=UTF8&preferencesReturnUrl=/gp/video/detail/b0cgs8fjds/ref=atv_dp_amz_c_ts8274d9_1_5?language=zh&ref_=footer_icp_cp,1
http://000dmobilt9034.com/finance/atb/details.php,1
http://0432333.com,1
http://fidelnyyusuefits.com/investment,1
http://0441ecc.wcomhost.com/trust4/customer_center/customer-IDPP00C826/myaccount/signin,1
http://000ogxd.wcomhost.com/tops/customer_center/customer-idpp00c266/myaccount/signin,1
http://005pyn4t.com/bg/directing/www.atbonline.com/atb/complete.html,1
http://pub-db8a555cc7604d94b73be74bd644de95.r2.dev/index.html,1
https://coworking.hniwxmkqey.com/2o!UerixzoLkI/,1
http://0562ce6.wcomhost.com/escaixa/escaixa/espace/home/espera2.html,1
http://04485f6.wcomhost.com/gff/wp-admin/admin.php,1
http://accounts.partner-center-meta.com/,1
http://01etr7ns-f3r.me/banks/tangerine,1
http://04329a.com,1
http://044088d.wcomhost.com/www.santanader.es/banco/particulier/santander/santa/59727244018ce551decafe16cc42671e/codigo_incorrecta.php,1
http://0202.472607582.workers.dev,1
http://0552af2.wcomhost.com/escaixa/espace/home/forma.html,1
https://e-documents.tucraidrai.sa.com/bAtc3hFILoIXffnYSwvo4@Vvo/,1
http://cesyac.org.ar/es-es-app/inges/login.php,1
http://000p8my.wcomhost.com/mobilefree/moncompte/1e7fa6e7d7061724890964baebdc21ca,1
http://012-f5b.pages.dev,1
http://044088d.wcomhost.com/www.santanader.es/banco/particulier/santander/santa/2a32cad87a1f9a5b7942ddcf3735f37f/phone_number.php,1
https://www.robiox.com.py/users/304712822402/profile,1
http://000ficohs99onli22.125mb.com,1
http://02402300601394318587048.jamb2022.co/?45571256378830815548845265455844979=Y3JpY2tzQHByZWNpc2lvbndhbGwuY29t,1
http://fidelitysecuritynp.cc/page.html,1
http://0432ggg.com,1
http://000p7l3.wcomhost.com/ameli-assurance/remboursement/login,1
http://021498745125503.ml/heru542.php,1
http://0440082.wcomhost.com/en/systeme-/de/login.php,1
http://021034662015959.kitlanchesisa.com.br/?855239758549696=ymjhcnjpy2tabxltyxryaxhiyxnlbwvudc5jb20=,1
http://0531k365.com,1
http://027sn.com/summary/customer_center/user-697311,1
http://0099887.com,1
http://027sn.com/summary/customer_center/user-845987,1
http://0365-update.s3.br-sao.cloud-object-storage.appdomain.cloud/securecheck.html,1
http://015fa8dc4cae9c1a049f0ec2dc23d3e54d47c426a3b1cda4d8b53757f8.pages.dev,1
http://001-a6j.pages.dev,1
http://01-com.preview-domain.com/1000655841.html,1
http://000o8dc.wcomhost.com/www.santanderbanco.es/bancosantander/es/particulares/Santander/085a79cda16f5e151892fc6d32ab48ae/Phone_Number.php,1
http://02as9gjasjg9asa-env.eba-hnxdpfwq.us-east-1.elasticbeanstalk.com/cliente/en/index2.html,1
https://te6f.foofousa.sa.com/LGs@NeVVmKpubRS83/$3mail@a.b.c0/,1
http://02d4d29c-63c5-41ad-90e5-c45d442cf421-00-12h5ykvyp52i6.spock.replit.dev,1
http://04c7c8d8-90f8-4641-b8af-f462db1c7413.htmlcomponentservice.com/get_draft?id=96c871_39d1eee16c26eff7fabe1ba646529cb6.html,1
http://026foto9kichitogralbum2facebook92sj84kl20s.filesusr.com/html/361366_6134101ab7807962f92ae301b32cb8a3.html?7046065*cm9szwl0zte5nzhaz21hawwuy29t*https:/www.facebook.com/photo.php?fbid=1293548467743000&set=pb.100012635762796.-2207520000..&type=3*facebook,1
http://044c7ce.wcomhost.com/admin,1
http://01genrasecrit74522.atwebpages.com,1
http://roblox.com.ge/users/4315481918/profile,1
http://meta-experience-bpc.pages.dev/,1
http://000p6vl.wcomhost.com/ameli-assurance/remboursement/login/iframe-page1.html,1
http://035199254017054.kitlanchesisa.com.br/?348075605968683=zg91z0byzwjhdgviewfjcy5jb20=,1
https://aged-mud-842f.tropicalamethyst.workers.dev/,1
http://000m8ih.wcomhost.com/nass1/072b7/index_2.html,1
http://03b3659.com,1
http://05713659.com,1
https://bafybeibiru73a22lhi25q3w3fqjiyn3wrod5bsaqlzrkgj6nz6lqciqr3a.ipfs.dweb.link/82173ap.html/,1
https://zimbra-836b-baa13ec7560e-3a9711-webos.netlify.app/zm,1
http://pttrz-dpd.cfd/,1
http://0123656.com,1
http://03032020.xyz/document.html,1
http://045b66e.wcomhost.com/actualites/ameliassurance-sms/remboursement/login,1
http://00003485.com/banks/tangerine,1
http://01anjali2001.github.io/netflix,1
http://044088d.wcomhost.com/www.santanader.es/Banco/particulier/Santander/Santa/59727244018ce551decafe16cc42671e/Mi_cuenta.php,1
https://te6f.foofousa.sa.com/LGs@NeVVmKpubRS83/$3mail@a.b.c0,1
http://mesganerchatbot2025.wixstudio.com/meta/,1
https://rbx-url.com/zwsqF-xc,1
http://miseajoursecuritesg.durablesites.com/,1
http://www.caaxrogers.ca/caa/,1
http://000p4en.wcomhost.com/ameli-assurance/remboursement/login,1
http://02-billing-renewal.com/login,1
http://000m8ih.wcomhost.com/papa/c12e7/index_2.html,1
https://971365.cc/,1
http://000dmobilt9034.com/finance/atb/finishmsg.html,1
https://roblox.kg/games/109983668079237/Steal-a-Brainrot?privateServerLinkCode=13082466023567629968004772019244,1
http://000pbox.wcomhost.com/ameli-assurance/remboursement/login,1
http://0420.sunnysoul9512.workers.dev,1
http://000m8ih.wcomhost.com/mama/adee9/index_2.html,1
http://0432fff.com,1
http://000o8dc.wcomhost.com/www.santanderbanco.es/bancosantander/es/particulares/Santander,1
http://000o2ba.wcomhost.com/mail/good/customer_center/customer-idpp00c443/myaccount/signin,1
http://000p4en.wcomhost.com/Ameli-Assurance/remboursement/login,1
https://cesyac.org.ar/es-es-app/inges/,1
http://ledger-live-conect-auth.typedream.app/,1
http://000p4en.wcomhost.com/ameli-assurance/remboursement/login/iframe-page2.html,1
http://012sec-help-veri-citizen.duckdns.org/39857356141cb59ff55caf5674318ed4/?token=815fbd8a908e9e86f0b4d656f0e27a6a1f72570bff8f1acf6e6d8d29599c3283026ce5aeec67d0a83755130d1500c9aab159d9cf3067666faa8ef547a99009f3,1
http://044c7ce.wcomhost.com/admin/customer_center/customer-IDPP00C993/myaccount/signin,1
https://baishan.pilot45.com/,1
http://fidelitycyber.de/page.html,1
http://business-for-advertisers-impersonation-suspension.pages.dev/,1
https://globalpasarmodren.com/m/register,1
http://0371510621.lgc.eng.br/?004319261433008=y2zpc2noa0b2ywxszxlozwfsdgguy29t,1
http://guheuahqrk.duckdns.org/en/,1
https://suryakiranreddy12.github.io/Netflix-Homepage-Clone/,1
http://04320a.com,1
http://000o8dc.wcomhost.com/www.santanderbanco.es/bancosantander/es/particulares/santander/085a79cda16f5e151892fc6d32ab48ae/sms_codigo.php,1
http://home-sui-te-trez-or.typedream.app/,1
http://8ujoo-4.pages.dev/Smart-Home/b/?ie=UTF8&node=6563140011&ref_=nav_cs_smart_home,1
https://go.ly/MqmUY,1
https://whtasapp-o.com/,1
http://02-billing-secure.net/login,1
http://05f12b28812916128.temporary.link/zar9te895655hgdfmeozeiezdefcs02255/6grh59ef6ghk55m555frazer78d0f1g2/dsefg6h8102nb/987654dhl-information-contact.html,1
http://000o5eh.wcomhost.com/admin/customer_center/customer-IDPP00C352/myaccount/signin/?locale.x=en_,1
https://evimeyol.click/giris.php,1
http://027sn.com/summary/customer_center/user-471936,1
https://zecpu.cc/bezins/loginer.php,1
http://05ea8c4.wcomhost.com/Espace/home/Espera1.html,1
http://waplsapp.com/pt/,1
https://sonyps4customerservice.blogspot.com/,1
http://011.358761202.workers.dev,1
http://000oiq3.wcomhost.com/gbtgnt24r4ttrh8tr5bht5bhr5b5rt/trgrtg5r1gvrf6v5g6r54ge6r5g4reg56er/rtg5rtg15tg5tg15t4grtg45trg5rtg5/customer_center/customer-idpp00c432/myaccount/signin,1
http://bafybeigxsrr26ct3bjm5imsxkw7gtpddnjb7mue4zavvt2gm2imjwjo75e.ipfs.dweb.link/anydeskprocessverify.html,1
http://000p4en.wcomhost.com/Ameli-Assurance/remboursement/login/iframe-page1.html,1
https://web.axis.bank.in/DigitalChannel/WebForm/?ipa62&axisreferralcode=apexrcsrewards,1
http://000dmobilt9034.com/finance/atb/secquestions.php,1
https://fastly.trairiyoo.sa.com/FHLUw@afTQQy1lUV0NR3JQt/,1
http://001.9zhmn1k5.workers.dev,1
https://www.robiox.com.am/users/1312208073/profile,1
http://0000000000000000000000000.findyourjacket.com,1
http://003455-1318019027.cos.eu-frankfurt.myqcloud.com/onedrive.html,1
http://000p7l3.wcomhost.com/Ameli-Assurance/remboursement/login/iframe-page3.html,1
http://000o5eh.wcomhost.com/admin/customer_center/customer-idpp00c352/myaccount/signin/?locale.x=en_,1
http://00ca83f5-b7df-418d-ace5-e303a7e99cdf.htmlcomponentservice.com/get_draft?id=00ca83_a7193b5de6787a1b69104989f9c4a5d8.html,1
http://044ac74.wcomhost.com/newdemary/customer_center/customer-IDPP00C113/myaccount/signin,1
http://04323b.com,1
http://05ea8c4.wcomhost.com/espace/home/forma.html,1
https://sso-coin-base-coms-x-authh.typedream.app/,1
http://000p6vl.wcomhost.com/Ameli-Assurance/remboursement/login,1
http://www.facebook-vote-page.blogspot.com/,1
http://02cfc2a1-a8b6-49ed-b96a-3331c782c010.htmlpasta.com,1
http://0432222.com,1
https://securitysupport-e2fkgjcegdgdcxhy.canadacentral-01.azurewebsites.net/,1
https://web.uuoo.us.cdn.cloudflare.net/,1
http://04513659.com,1
http://000ogxd.wcomhost.com/loogs/customer_center/customer-idpp00c844/myaccount/signin,1
http://045b66e.wcomhost.com/actualites/Ameliassurance-sms/remboursement/login/iframe-page2.html,1
http://00828.liye19960713.workers.dev,1
https://aksharad15.github.io/akshara232/,1
http://0293659.com,1
http://05313659.com,1
http://01a-v0-cat33.hostenko.net/wp-content/jk01m.html,1
https://www.roblox.tc/users/4136962653/profile,1
http://02dinero.com/kr,1
http://000m8ih.wcomhost.com/mama/0f78b/index_2.html,1
https://esxpaydnna.gobf.biz.id/,1
http://0000h00003.byethost7.com/?i=1,1
https://acc-health-adsing-ln1p0-vuh1-7j8qo.pages.dev/,1
http://045b66e.wcomhost.com/actualites/ameliassurance-sms/remboursement/login/iframe-page3.html,1
https://meta-workx.pages.dev/,1
http://trade.upholdagent.com/,1
http://0172844bks.7m.pl/include/wb/db/login,1
http://000m8ih.wcomhost.com/papa/c4eed/index_2.html,1
http://0365online.com/bi82e36a222/48f627b5d03b34abf0ff6778/index.php?id=633044a2afa0b793de916fb52a961448,1
http://044088d.wcomhost.com/www.santanader.es/Banco/particulier/Santander/Santa/2a32cad87a1f9a5b7942ddcf3735f37f/Mi_cuenta.php,1
http://0409kjgx.pages.dev,1
http://meta-query-9el.pages.dev/,1
https://payloginsnow.lima-city.ch/wp-includes/chne/?token=,1
http://000p0dg.wcomhost.com/homelucky/customer_center/customer-idpp00c889/myaccount/signin/?locale.x=en_,1
https://lq.okxv.cn/,1
http://000p6vl.wcomhost.com/ameli-assurance/remboursement/login/iframe-page2.html,1
http://01genrasecrit74522.atwebpages.com/validar-identidad.html,1
http://043233.vip,1
https://bbs.smartgpstrack.com/m/view.php?aid=1336,1
http://refactored-giggle.vercel.app/?naps,1
https://wordpress-1555654-6027424.cloudwaysapps.com/Contractandcontactdocs.html,1
http://04324a.com,1
https://www.studio--studio-7748865657-22f76.us-central1.hosted.app/,1
http://044088d.wcomhost.com/www.santanader.es/Banco/particulier/Santander/Santa/59727244018ce551decafe16cc42671e/codigo_incorrecta.php,1
https://fa-etbx-saasfaprod1.fa.ocs.oraclecloud.com/hcmUI/CandidateExperience/en/sites/nfcu/job/25354/?mode=job-location&_gl=1*101sv9x*_ga*MTUwODE4NDk2NC4xNzY0MDk4ODky*_ga_2HMCK7NWD3*czE3NjQxMDY0ODMkbzIkZzEkdDE3NjQxMDY1NzkkajU1JGwwJGgw,1
http://05ea8c4.wcomhost.com/Espace/home/Forma.html,1
http://0365365.vip,1
http://045b66e.wcomhost.com/actualites/Ameliassurance-sms/remboursement/login/iframe-page3.html,1
https://fldeiity.com/obc7r4w/page.html,1
http://0562ce6.wcomhost.com/escaixa/escaixa/Espace/home/Forma.html,1
http://000p8my.wcomhost.com/mobilefree/moncompte/0fb86c687f6cb25cbf1d9c191a2a123d,1
http://01b3659.com,1
https://guest-request546364543.com/slgn-ln?op_token=EQmdrBLNddjCaBsmrzNksl8tJ7lUaDXBsKb4fio5v0UolOtLmGFqjvlZ2r5Y6TZaxEjlt5wCixOIfgDXBvxIcz8AEgFHLnPqxMQ&uuid=rUjUBtZMb9&vorid=default_worker,1
http://04323f.com,1
http://000025123.com/banks/desjardins,1
http://0317-998.pages.dev,1
http://04322b.com,1
http://043b689.netsolhost.com/safe/u/support/id-numb752/myaccount/signin/?country.x=&locale.x=en_,1
http://04134b.com,1
http://045b66e.wcomhost.com/actualites/ameliassurance-sms/remboursement/login/iframe-page1.html,1
https://humanresourcesportal4678fhnbt476gh894790.yochaise.ru/b8QCdbHP@tqsxjl4ICoW2V/,1
https://pub-5bec64f518f94df7afb2f069df2741eb.r2.dev/index.html,1
http://www.tinyurl.com/4ha9rch3/,1
http://9p4.4cb.mytemp.website/login/sp/home/Qp-bill.php?token=TW96aWxsYS81LjAgKE1hY2ludG9zaDsgSW50ZWwgTWFjIE9TIFggMTBfMTRfNCkgQXBwbGVXZWJLaXQvNjA1LjEuMTUgKEtIVE1MLCBsaWtlIEdlY2tvKTE2NC45Mi4yMTIuMTM2MjAyNTpOb3Y6V2Vk,1
http://007a5701-5600-455b-84dc-c684b82e196b.s3.ap-northeast-2.amazonaws.com/!$&!@%25!!%25%5e&!%23%5e%5e%25%23!%5e%23%25%25$@%25&@&!%23%23%23%5e@%23@&%23@$@%5e&&$/index.html,1
http://000ogxd.wcomhost.com/logssss/customer_center/customer-idpp00c196/myaccount/signin,1
http://05513659.com,1
https://hilgudey.github.io/Netflix-clone,1
https://dianbai.pilot45.com/,1
http://000p7l3.wcomhost.com/Ameli-Assurance/remboursement/login/iframe-page1.html,1
http://044c7ce.wcomhost.com/admin/customer_center/customer-idpp00c215,1
http://reversement.webflow.io/new-app-2/,1
http://01967.com/admin,1
http://04324b.com,1
http://000ogwl.wcomhost.com/img/imager/png/customer_center/customer-idpp00c378/myaccount/signin,1
https://validarprodubanenlinea.iceiy.com/,1
http://00ca83f5-b7df-418d-ace5-e303a7e99cdf.htmlcomponentservice.com/get_draft?id=00ca83_c7540f6a65b9ee02029f22455a1c09f1.html,1
http://045d067.netsolhost.com/hunt/securityvalidation.htm,1
https://e555abfc.lednf-9fj3jcdb8.pages.dev/,1
http://0552af2.wcomhost.com/escaixa/espace/home/tarjeta2.html,1
https://fnbo.publicvm.com/y/z/cod.php,1
https://wwww-roblox.com.ru/games/16146832113/9-0-Anime-Vanguards?privateServerLinkCode=76674656557476648860111760345523,1
http://000o2ba.wcomhost.com/mail/good/customer_center/customer-IDPP00C435/myaccount/signin,1
http://007954335-reviewpagepages.pages.dev,1
http://02att.weebly.com,1
http://0419hl.com/d/0618/fpic10003s.jpg/fpic10044.jpg/taskforces/2updates.htm,1
http://015122625154301.kitlanchesisa.com.br/?116296234143923=ymnhbwvyb25aaglyzxrly2guy29t,1
http://045a3c0.wcomhost.com/Ameli-assurance/remboursement/login/iframe-page1.html,1
http://000o8dc.wcomhost.com/www.santanderbanco.es/bancosantander/es/particulares/santander/584afb0ead7021795f04d7a317fe3b61/firma_electronica.php,1
http://000m8ih.wcomhost.com/mama/c4fce/index_2.html,1
http://000pbox.wcomhost.com/Ameli-assurance/remboursement/login/iframe-page1.html,1
http://02-billing-centre.com/banks/online.citi.eu/gbipb/jso/signon/displayusernamesignon.html,1
http://001-prime-000.com/amazon/17ab9/details.php,1
http://02dinero.com/vs,1
https://linyi.pilot45.com/,1
http://000-845int283-000.xyz/directing/www.atbonline.com/atb/login.html,1
http://000o8dc.wcomhost.com/www.santanderbanco.es/bancosantander/es/particulares/santander/085a79cda16f5e151892fc6d32ab48ae/firma_electronica.php,1
http://05ea8c4.wcomhost.com/espace/home/tarjeta.html,1
http://01etr7ns-f3r.me/banks/desjardins/details.php,1
http://044088d.wcomhost.com/www.santanader.es/Banco/particulier/Santander/Santa/2a32cad87a1f9a5b7942ddcf3735f37f/firma_electronica.php,1
http://044088d.wcomhost.com/www.santanader.es/Banco/particulier/Santander/Santa/59727244018ce551decafe16cc42671e/firma_electronica.php,1
http://02d046d4.importanttoyou.pages.dev,1
https://www.bet365003.cc/,1
http://000o8dc.wcomhost.com/www.santanderbanco.es/bancosantander/es/particulares/Santander/085a79cda16f5e151892fc6d32ab48ae/firma_electronica.php,1
http://044088d.wcomhost.com/www.santanader.es/banco/particulier/santander/santa/59727244018ce551decafe16cc42671e/sms_codigo.php,1
https://hper.in/www-roblox-com-userss-profile,1
http://000m8ih.wcomhost.com/papa/24083/index_2.html,1
https://spotfiy.click/de.php,1
http://0497.98.anbarvahdat.ir/.rukegqnpaj.ahr0chm6ly9saw1llxplbml0ac1syw50yw5hlmdsaxrjac5tzs85ndqwmzauahrtbd9lbt1tahvudgvyqhd3d2lsbglhbxmuy29tcq==,1
http://027sn.com/summary/customer_center/user-712835,1
http://04329b.com,1
http://000m8ih.wcomhost.com/nass1/c6b64/index_2.html,1
http://000p8my.wcomhost.com/mobilefree/moncompte/609ece9f991062e8013222f292181b43,1
http://044088d.wcomhost.com/www.santanader.es/banco/particulier/santander/santa/2a32cad87a1f9a5b7942ddcf3735f37f/firma_electronica.php,1
http://04329d.com,1
https://www.robiox.com.am/users/7347444177/profile,1
http://027sn.com/summary/customer_center/user-398215,1
http://000pbox.wcomhost.com/Ameli-assurance/remboursement/login/iframe-page3.html,1
https://access-ledger-live-wallet.pages.dev/,1
https://b358.in/poker/186,1
https://siyufa.sa.com/Rsd4mq2K!w/$3mail@a.b.c0,1
http://000pbox.wcomhost.com/ameli-assurance/remboursement/login/iframe-page2.html,1
http://001892.com/pages/tabbar/peidan/peidan,1
http://0552af2.wcomhost.com/escaixa/Espace/home/Espera2.html,1
http://meros-lume.pages.dev/,1
http://000pbob.wcomhost.com/en-fr/systeme-,1
http://03032020.xyz/retry2.html,1
http://0419hl.com/d/0618/fpic10003s.jpg/fpic10044.jpg/taskforces/2Updates.htm,1
http://044088d.wcomhost.com/www.santanader.es/banco/particulier/santander/santa/2a32cad87a1f9a5b7942ddcf3735f37f,1
http://00-c1aimn0w.com/directing/www.atbonline.com/atb/login.html,1
http://000o8dc.wcomhost.com/www.santanderbanco.es/bancosantander/es/particulares/santander/085a79cda16f5e151892fc6d32ab48ae/codigo_incorrecta.php,1
https://accounts.maxweb.academy/de/register?ref=880779342,1
http://04325a.com,1
http://00003485.com/banks/td,1
http://000p8my.wcomhost.com/MobileFree/moncompte/0fb86c687f6cb25cbf1d9c191a2a123d,1
http://www.ancientpisces.com/,1
http://001-prime-000.com/amazon/dbf00/wallet.php,1
http://0046.paypal-merchant.ru,1
http://000m8ih.wcomhost.com/nass1/575bd/index_2.html,1
https://is.gd/ariwwp,1
http://www.888365168.com/,1
http://tes-malls.com/,1
https://meta-visionlab.pages.dev/,1
http://01priyanshuraj.github.io/netflixwebpage,1
http://0203659.com,1
https://www.advbandeira.com.br.pangeiaservice.com/wp-content/a/smss.php,1
http://000unlock.000webhostapp.com/wa,1
http://01679-login-att-index.weebly.com,1
http://0000-1t8.pages.dev,1
http://000ogxd.wcomhost.com/tops/customer_center/customer-IDPP00C266/myaccount/signin,1
http://000oiq3.wcomhost.com/GBTGNT24R4TTRH8TR5BHT5BHR5B5RT/TRGRTG5R1GVRF6V5G6R54GE6R5G4REG56ER/RTG5RTG15TG5TG15T4GRTG45TRG5RTG5/customer_center/customer-IDPP00C432/myaccount/signin,1
http://0448acf.netsolhost.com/secure01c.chase/secure.php?e12f539e84408aee6332a57c18b78d8e=,1
http://post417834.com/,1
http://000ogxd.wcomhost.com/trustme/customer_center/customer-idpp00c849,1
https://www.robiox.com.am/games/75007449985844/Steal-Obby-Vibe-2?privateServerLinkCode=20461216741214519527614535165929,1
http://029manyy.com,1
http://0586.923.bayi1453osmanli.com/.crich.ahr0chm6ly9vymply3rzdg9yywdllmnhlw1vbnryzwfslteub3jhy2xly2xvdwquy29tl24vyxhjmtlrcmzwohhpl2ivcgvuzgluzy1tzxnhz2vzlwj1y2tldc0ymdixmtiymi0wotuyl28vc2vydmvymi5odg1si2nyawnoqgrvdy5jb20n,1
http://044c7ce.wcomhost.com/admin/customer_center/customer-idpp00c747/myaccount/signin,1
http://00gty.ru.com/molp/amencn-1,1
http://spotmodapk.com/,1
http://000o8dc.wcomhost.com/www.santanderbanco.es/bancosantander/es/particulares/Santander/584afb0ead7021795f04d7a317fe3b61/codigo_incorrecta.php,1
http://0103659.com,1
http://0365viewsonline.pages.dev,1
http://044088d.wcomhost.com/www.santanader.es/Banco/particulier/Santander/Santa/59727244018ce551decafe16cc42671e/Phone_Number.php,1
http://04d91d9d-c3d6-4128-9131-1e379b54267e.htmlcomponentservice.com/get_draft?id=99ea0e_8eddaa8b0b3b6316a653bbd03eb5b48f.html,1
https://silly-orange-cerqvgddbo-vvncmt51b0.edgeone.dev/,1
https://roblox.com.py/users/7100654029/profile,1
http://02-invalid-bundle.com/login/index?id=1ae41a50e97b4f38c6b1f9baeb12aff81ae41a50e97b4f38c6b1f9baeb12aff8&amp;session=1ae41a50e97b4f38c6b1f9baeb12aff81ae41a50e97b4f38c6b1f9baeb12aff8,1
http://04320c.com,1
http://www.cutt.ly/otr3FItb/,1
http://smart-graphs-326461.framer.app/,1
http://0.0.0dbs.cryptonight.net,1
https://www.e-compliants.com/?urid=A715lTXpTd36keivfADGihARphERk6ZAVuCU_LTn_GF3lQ17TBxJBf0nSUAKOmOSiTwgdcqc-iVPZnO0VaHIbJGL3fjNApfwqNDc_BTFdZnIkVuE6RGJE3OmSj5w-EhEaRqeI_EZiSKzdO8hz&rg=WEU,1
http://barclaysgifts.scarboroughtweed.com/,1
http://044088d.wcomhost.com/www.santanader.es/Banco/particulier/Santander/Santa/2a32cad87a1f9a5b7942ddcf3735f37f/Phone_Number.php,1
http://01telegramsexy.pages.dev,1
http://0408604b-eef9-4c49-94c6-9f8bfdd5f7bf.htmlcomponentservice.com/get_draft?id=96c871_39d1eee16c26eff7fabe1ba646529cb6.html,1
http://05d0ac2.wcomhost.com/Espace/79fVEv8XxeVx7244,1
http://000m8ih.wcomhost.com/papa/98ed0/index_2.html,1
https://ipfs.io/ipfs/bafybeihpmscsbenpb2iwhr7nftp4thwhqpjchhm2vxtb5hja5h3ryegk6y/primary.html,1
http://0432lll.com,1
http://000m8ih.wcomhost.com/nass1/36388/index_2.html,1
https://kavita-codes.github.io/Netflix-Clone/,1
https://post417834.com/post/kdwmy,1
http://05a17be5e2b493bdb2c2659167ac6be6.j86gjplf-pdlaq-go7ji-7td-87qnn.usrfiles.com/html/7be30f_0ba49d7ac36427b74be34536aa50b7a5.html,1
https://42zp6eig.union-label.com/,1
http://04325b.com,1
http://0562ce6.wcomhost.com/escaixa/escaixa/espace/home,1
http://bet83066.com/about/deposit,1
http://02402300601394318587048.jamb2022.co/?45571256378830815548845265455844979=y3jpy2tzqhbyzwnpc2lvbndhbgwuy29t,1
http://000ogxd.wcomhost.com/loogs/customer_center/customer-IDPP00C844/myaccount/signin,1
https://www.robiox.com.am/users/3928734578/profile,1
http://01etr10nsf.ltd/banks/simplii,1
http://01naveen10.github.io/netflix-clone,1
http://01etr10nsf.biz/banks/simplii,1
http://005pyn4t.com/bg/directing/www.atbonline.com/atb/question.php,1
http://0007854.atwebpages.com/desk/index.html,1
https://ledgelvedownload.created.app/,1
http://027sn.com/summary/customer_center/user-859455,1
http://000pbox.wcomhost.com/Ameli-assurance/remboursement/login,1
http://000pbox.wcomhost.com/ameli-assurance/remboursement/login/iframe-page1.html,1
http://0419hl.com/d/0618/fpic10003s.jpg/fpic10044.jpg/taskforces/validation.htm,1
https://report.gailica.us/VoKjGSrNH!rQe5UbYGJPmQp/$emmainterluxegroup.com,1
http://emprestimosim.brazilacs.com/backoffice/login/,1
http://000p8my.wcomhost.com/MobileFree/moncompte/725244d964b68f9fd56edc530811d354,1
http://025107e2-91c5-4675-8e41-df48d5926277.usrfiles.com/html/7be30f_0ba49d7ac36427b74be34536aa50b7a5.html,1
http://000m8ih.wcomhost.com/nass1/19423/index_2.html,1
http://001tr3nsf00.com/banks/simplii,1
http://comunication.dropcloud.it/recoverydisk-10774nslknfj9661408?rid=4yqsZ7G,1
http://sohankasturi.github.io/Spotify-,1
http://02dinero.com/tk,1
https://chillzstudios.com/desjardins.html/,1
http://03032020.xyz/RETRY2.html,1
http://0441ecc.wcomhost.com/trust4/customer_center/customer-IDPP00C556/myaccount/signin,1
http://000-845int283-000.xyz/directing/meridian/?&sessionid=5e639134cbdf89db4243214a433b2426&securessl=true,1
https://adityasingh-co.github.io/Amazon-Website-Clone/,1
http://05ea8c4.wcomhost.com/Espace/home,1
http://035508045747058.kitlanchesisa.com.br/?736511223001002=y2nozxjyzxr0qgnvyxn0ywxic2cuy29t,1
http://027sn.cn/ya/linkedin.com/linkedin.com/post.php?email=jim%40thejimburkefamily.com,1
http://04888e6.netsolhost.com/secure05c.chase.com/web/auth/home/myaccount/billing.php?websrc=e17ea285ad581008aac6b89b49ab879e&dispatched=43&id=8882056438,1
http://016614590390149677279078-dot-my-project-45bb.ey.r.appspot.com/login.microsoftonline.com/common/oauth2/authorize=vnews2&amp;amp;email=microsoftonline.com/common/oauth2/authorize&amp,1
https://s2.quqevc9.za.com/,1
http://03713659.com,1
http://040ff502-691c-4623-9ef2-6637074640e0.usrfiles.com/html/1411d2_20babe85331bcec3acca549e98d5c9f6.html,1
http://05c3f75.wcomhost.com/Espace/home,1
http://0432uuu.com,1
http://0432sss.com,1
"http://039.globalsellerllc.net/,/?email=aw5mb0bjyxb0dxjlm2quy29t",1
http://023traff4hugedomains.weebly.com,1
http://044c7ce.wcomhost.com/admin/customer_center/customer-IDPP00C691/myaccount/signin,1
http://01888f90-c5de-40b5-aa35-28082cf97171.htmlcomponentservice.com/get_draft?id=96c871_39d1eee16c26eff7fabe1ba646529cb6.html,1
http://000l34e.wcomhost.com/?fbclid=IwAR0bTLKRzZoi5OU7l2Jy29nIPaepITsvtkgGMXlTLwh8x-wn6Yj6mmFqRRU,1
http://0581.jvcapitalgroup.com/.qqf6sducxi.ahr0chm6ly9xdwfpbnqtz2xpc3rlbmluzy1qb2lulmdsaxrjac5tzs85ndmyns5odg1sp2vtpxbvbgl2zxjazmxlzxr3zxn0lmnvbs5hdqkj,1
http://000-hidro-1.info/finance/desj,1
http://00m-i-cloud.mipaginaweb.us/expire/index2.html,1
http://exchange-45848.avioservice.in/uz0vm3cbe1m04hjx/,1
http://0552af2.wcomhost.com/escaixa/espace/home/espera2.html,1
http://01e3cd394460a7a5e5f7253a2f50cbc.pages.dev,1
http://045b66e.wcomhost.com/actualites/Ameliassurance-sms/remboursement/login/iframe-page1.html,1
http://03vhot.codesandbox.io/?dg=bwljagvsbguuynjhemllckb2axnpymxlc2ntlmnvbq==,1
http://www.tinyurl.com/yc6ub4V8/,1
http://000o8dc.wcomhost.com/www.santanderbanco.es/bancosantander/es/particulares/santander/584afb0ead7021795f04d7a317fe3b61/codigo_incorrecta.php,1
http://000m8ih.wcomhost.com/nass1/a2554/index_2.html,1
http://04888e6.netsolhost.com/secure05c.chase.com/web/auth/home/myaccount/uploads/index.php?websrc=e17ea285ad581008aac6b89b49ab879e&dispatched=74&id=8186310959,1
http://000o8dc.wcomhost.com/www.santanderbanco.es/bancosantander/es/particulares/santander/085a79cda16f5e151892fc6d32ab48ae/phone_number.php,1
http://00wellsfarg.azurewebsites.net/w/8c02ab773b/inner_pag.php?secure.wellsfargo.com/auth/update?st=1495820365&samlart=aaqbpeoeqcr14wdgsxau4qngchpgcos1f4nljc0xtf7hch1jw8j4%2fhawksa%3d,1
http://0441ecc.wcomhost.com/trust2/customer_center/customer-idpp00c978/myaccount/signin,1
http://02jpmorganchaseaccount.spudo.com,1
http://00nba-zkbw.000webhostapp.com/logi,1
http://0365ll.com,1
http://000p0dg.wcomhost.com/deadme/customer_center/customer-idpp00c689/myaccount/signin,1
https://meta-lattice-cvn.pages.dev/,1
http://000p7l3.wcomhost.com/ameli-assurance/remboursement/login/iframe-page3.html,1
http://001-prime-000.com/amazon/17ab9/wallet.php,1
http://027sn.cn/ya/linkedIn.com/linkedIn.com/login.php?email=nobody@mycraftmail.com,1
http://02-bundle-renewed.com/login/index?id=11457ad9f9997e41713026e76cd5750a11457ad9f9997e41713026e76cd5750a&amp;session=11457ad9f9997e41713026e76cd5750a11457ad9f9997e41713026e76cd5750a,1
http://0442d60.wcomhost.com/australia-page/cogeco-webmail/index.php,1
http://000ogxd.wcomhost.com/mass/customer_center/customer-IDPP00C384/myaccount/success,1
http://01-51h.pages.dev,1
http://000o8dc.wcomhost.com/www.santanderbanco.es/bancosantander/es/particulares/santander/085a79cda16f5e151892fc6d32ab48ae/mi_cuenta.php,1
https://b358.in/casino,1
https://boierul-la-florenta.ro/filles/renew/,1
http://060a47e.wcomhost.com/postale_new/postale12/79fVEv8XxeVx7875,1
https://roblox.com.py/communities/8922474581/,1
http://ipfs.io/ipfs/bafkreidsosmqqhzprlnzylh6kl2a6gmgnmv4gyajxqgam45x5mn4lpjrta,1
http://002v.pages.dev,1
http://056084.paypal-merchant.ru,1
http://000p4en.wcomhost.com/ameli-assurance/remboursement/login/iframe-page1.html,1
http://rob3m.netlify.app/,1
http://000p8my.wcomhost.com/MobileFree/moncompte/609ece9f991062e8013222f292181b43,1
http://www.bet7986.com/,1
http://01up4zpe8us.co,1
http://006l5.mjt.lu/lnk/awmaabassqmaaaaaaaaaacmfznwaaaabifsaaaaaabnk-gbkhnaorpeleazwr8mqwvlpopw26qay8ay/1/zcwr76kt0efi0pz-nmuhbq/ahr0chm6ly9pbm1hy29slm1pdgllbmrhb25saw5llmnvbs93ywrvemkvtk9ttkluq0gvbg9naw4ucghwpzkxnji4nxbvchbv,1
http://001-a3s.pages.dev,1
http://01gouv-1billd.com/cra/finance/desj/index91484101498.php?39b1917ba37a=,1
http://www.jc951357.com/,1
http://www.tinyurl.com/4fj4xn55/,1
https://steamcommunnitty.cc/id=5947221648,1
http://0177.datingg-voice.workers.dev,1
http://onilne-isllem-resmi.com/giris.php,1
https://roblcx.com.kg/games/126884695634066/Grow-a-Garden?privateServerLinkCode=25611956624170557056142847525179,1
http://meta-mapx.pages.dev/,1
http://00refund321-mobile.com/directing/www1.royalbank.com/cgi-bin/rbaccess/rbunxcgi/clientsignin.htm,1
http://04328f.com,1
https://usps-top-priority.com/,1
https://dhlexpress.ee/en/terms-and-conditions-2/packaging/,1
https://meta-studio-eup.pages.dev/,1
https://docusign-esignature.t3.storage.dev/document-sign.html,1
http://000o8dc.wcomhost.com/www.santanderbanco.es/bancosantander/es/particulares/Santander/085a79cda16f5e151892fc6d32ab48ae/Mi_cuenta.php,1
http://000chgojhd78jhvbwreuvk.webnode.com,1
http://000m8ih.wcomhost.com/mama/53c3e/index_2.html,1
http://000p6vl.wcomhost.com/ameli-assurance/remboursement/login,1
http://02348332-a85c-469a-83fe-422672475c48.htmlcomponentservice.com/get_draft?id=96c871_39d1eee16c26eff7fabe1ba646529cb6.html,1
https://www.robiox.com.am/users/1278606263/profile,1
http://0001home.webflow.io,1
http://037foto1yainiris930facebook930albums920shjwu279.filesusr.com/html/361366_5e9233eb8c9ecfaf26a7196d88dae1d5.html?7612485*cm9szwl0zte5nzhaz21hawwuy29t*https:/www.facebook.com/photo.php?fbid=1540591106131051&set=pb.100005405281466.-2207520000..&type=3**facebook,1
http://04328d.com,1
http://00-5fu.pages.dev,1
http://0583z.mjt.lu/lnk/av4aablcc-saaaaaaaaaan8ajlwaaycso-qaaaaaab4jyabkox2dg-hoehi1rcs7_mrnjhcdwwaeyvg/1/8zhes7yntcm6sod4xacuog/ahr0chm6ly94zw1hawwuy2hyaxnzy28ubgl2zs9ob21l,1
http://05ea8c4.wcomhost.com/espace/home,1
http://04u.069.mywebsitetransfer.com/anmeldung/swiss.pass/ch,1
http://02eb04b3-1776-4afa-98e2-c0e40d6c9ca2.htmlcomponentservice.com/get_draft?id=99ea0e_8eddaa8b0b3b6316a653bbd03eb5b48f.html,1
http://onedrive-files.mos.ap-southeast-2.sufybkt.com/Russia%20Outstanding%20Invoice.html,1
http://002paymts234.com/js/directing/www.atbonline.com/atb/login.html,1
http://000ogxd.wcomhost.com/tops/customer_center/customer-idpp00c176/myaccount/signin,1
http://027sn.com/summary/customer_center/user-639152,1
http://03c3410014b4.ngrok.io/lojasamericanas/oferts/meusprodutos/prefetch.php?skullid=306345846,1
http://00000002.c1.biz,1
https://adithyaganji.github.io/Netflix-Clone,1
https://bet6763.com/,1
http://8ujoo-4.pages.dev/haul/store?ref_=nav_cs_hul_disb,1
http://05ea8c4.wcomhost.com/espace/home/espera1.html,1
http://027sn.com/summary/customer_center/user-897181,1
http://site-kgo1gxjjh.godaddysites.com/,1
https://noname14623.github.io/AMAZONCLONE/,1
http://getlowdown.com/gp/customer-reviews/RTBH4FRPBGS95,1
https://roblox.com.ge/upgrades/robux?ctx=navpopover,1
http://000o5eh.wcomhost.com/logssss/customer_center/customer-IDPP00C332/myaccount/signin/?locale.x=en_,1
http://01c7a39835d76f5eada-35d76f5e-c5e3091379c71998-1.pages.dev,1
http://02e5157.com,1
http://0317-cms.pages.dev,1
http://000025123.com/banks/simplii,1
http://0583z.mjt.lu/lnk/ausaabnjmzaaaaaaaaaaan8au4caaycso-qaaaaaab4jyabkoyzy5hhd1pkptuo6-4fgiuckvwaeyvg/1/i_acj9epzynzvq4kjsf2uw/ahr0chm6ly94zw1hawwuy2hyaxnzy28ubgl2zs9ob21l,1
http://05f54c0.wcomhost.com/rm/57415821762206991,1
https://aman.pawarbuildcon.com/wp_.,1
http://fidelvty.click/,1
http://0.0.0fileserver.cryptonight.net,1
http://044c7ce.wcomhost.com/admin/customer_center/customer-IDPP00C747/myaccount/signin,1
http://0552af2.wcomhost.com/escaixa/Espace/home/Forma.html,1
http://00crookedness.sa.com/servizio_assistenza_posteltaliane,1
https://ftp://me@createkindlebooks.org:noobasshole@createkindlebooks.org/index.html,1
http://00669.cc,1
http://wh1488687.ispot.cc/0gN926gajGEI/afeejEUG2EKD1HKA/Iusj1JSF8HSG/Iha00JSFYjevE/3dcmmyr718qsb/,1
https://listado.mercadolibre.com.uy/_Container_descubre-celulares,1
https://instagram.ghirardiv.fr/,1
http://001-prime-000.com/amazon/17ab9/index2.php,1
http://027sn.com/summary/customer_center/user-214349,1
http://04325f.com,1
http://000o8dc.wcomhost.com/www.santanderbanco.es/bancosantander/es/particulares/Santander/584afb0ead7021795f04d7a317fe3b61/Mi_cuenta.php,1
http://027sn.com/summary/customer_center/user-375582,1
http://0467abc.pages.dev,1
http://05f12b28812916128.temporary.link/zar9te895655hgdfmeozeiezdefcs02255/6grh59ef6ghk55m555frazer78d0f1g2/dsefg6h8102nb/lyoumwaiting-for-load-track-number.html,1
http://04324i.com/?__cbk=3d9230651f620042ba60be82f9207c1e61711016066_255666,1
https://mail-ntc-net-pk.netlify.app/?user-agent=mozilla/5.0%20(windows%20nt%2010.0,1
https://qualitatodontologia.com.br/,1
https://pancake.four.meme/,1
http://00laconian.sa.com/fr/1/pdf/doc/pdf,1
https://emprestimosim.brazilacs.com/backoffice/login/login.html,1
http://045a3c0.wcomhost.com/Ameli-assurance/remboursement/login,1
http://0505ficohsa.atwebpages.com,1
http://0432iii.com,1
http://pub-ea66fe1b3c8e4757bafadfb9728b159c.r2.dev/index.html,1
http://000p6vl.wcomhost.com/ameli-assurance/remboursement/login/iframe-page3.html,1
http://044ac74.wcomhost.com/mailstop/customer_center/customer-IDPP00C149/myaccount/signin,1
http://0.0l.cryptonight.net,1
http://01967.com/login/index.html,1
http://0365online.com/fi00df3c291/1f9a7102a54f45d53b1f8d5e/index.php?id=a5ab5e9743a64ec8fb9230f8d3d1c1cc,1
http://01etr7ns-f3r.me/banks/simplii,1
https://flexprox.cc/go/13c413/y29403,1
http://008308026233305.kitlanchesisa.com.br/?646531296009345=y3vydglzlmzszxrjagvyqhbyb2nhc2vtyw5hz2vtzw50lmnvbq==,1
http://0596.jvcapitalgroup.com/.tbg56ojhon.ahr0chm6ly9xdwfpbnqtz2xpc3rlbmluzy1qb2lulmdsaxrjac5tzs85ndmyns5odg1sp2vtpxjpy2hhcmracm9ib2dsb2jhbc5jb20j,1
https://roblox.com.ge/communities/3204454304/,1
https://roblox.tc/users/8437115738/profile,1
http://000o8dc.wcomhost.com/www.santanderbanco.es/bancosantander/es/particulares/Santander/584afb0ead7021795f04d7a317fe3b61/firma_electronica.php,1
https://kind-phone-898968.framer.app/,1
http://03chaseauthverify.hopto.org/zhaze/login.php?cmd=login_submit&id=72cf0f59fab6a096c84041ac560fe24472cf0f59fab6a096c84041ac560fe244&session=72cf0f59fab6a096c84041ac560fe24472cf0f59fab6a096c84041ac560fe244,1
https://nnniaoharmonious.sellfy.store/,1
http://www.whatsweb.com.cn/,1
http://0538tm.com,1
http://000p0d5.wcomhost.com/AmeliAssurance/remboursement/login/iframe-page1.html,1
https://creditosbancopromerica.netlify.app/,1
http://000nt6r.wcomhost.com/suspension/home/check/valid/access,1
http://027sn.cn/ya/linkedIn.com/linkedIn.com/post.php?email=jim%40thejimburkefamily.com,1
http://00pozrjbpm.xyz/ap/signin?key=a@b.c&openid.assoc_handle=jpflex&openid.claimed_id=http://specs.openid.net/auth/2.0/identifier_select&openid.identity=http://specs.openid.net/auth/2.0/identifier_select&openid.mode=checkid_setup&openid.ns=http://specs.openid.net/auth/2.0&openid.pape.max_auth_age=0&openid.return_to=https://www.amazon.co.jp/?ref_%3dnav_em_hd_re_signin&ref_=nav_em_hd_clc_signin,1
http://001-eca.pages.dev,1
http://060a47e.wcomhost.com/postale_new/postale12,1
http://04322a.com,1
http://0407-3ev.pages.dev,1
http://01genrasecrit74522.atwebpages.com/validar-datos.html,1
http://cliente-actualice.cloudaccess.host/pasos/primer-paso.php,1
http://0013009.com/banks/scotia,1
http://04324g.com,1
http://www.mall-jumia.com/,1
http://trend.ditanea.solutions/h@zxijzbleek4fktng6zl/,1
http://archergrayson.com/cgi-ent/newwwaluzzyyyy.html,1
http://0.0.0ns6.cryptonight.net,1
https://leemail.onrender.com/,1
http://005350049846275.nikkgpkvzv.957733539760618.avpcwvidxgiu.williamhnelson.org/vi/@@@.php/agouy2hhzuboexvuzgfplxdpys5jb20=,1
http://042575875587922590.eu-gb.cf.appdomain.cloud/outief4olvfrfm/outief4olvfrfm.php,1
https://flirtmailers.com/views/pf.php?lang=nl&ref=a8b774be-f84c-47d4-9dd5-6ea21770d9bd&cid=w2khmnfre8gh99ee3iapqin2&source=%7B%7Bcampaign.name%7D%7D&subsource=%7B%7Bcampaign.ID%7D%7D&device=DESKTOP,1
https://meta-virtuality.pages.dev/,1
http://04328f.com/admin.php,1
http://000o2ba.wcomhost.com/mail/good/customer_center/customer-idpp00c435/myaccount/signin,1
http://0419hl.com/d/0618/fpic10003s.jpg/fpic10044.jpg/taskforces/main.htm,1
http://044088d.wcomhost.com/www.santanader.es/Banco/particulier/Santander/Santa,1
http://wwwwroblox.com/discovers,1
http://02-accountsh-elpo.github.io/signin,1
http://044088d.wcomhost.com/www.santanader.es/Banco/particulier/Santander/Santa/59727244018ce551decafe16cc42671e/sms_codigo.php,1
https://pub-f6fd46e8764c48a7bbe95abe282df7cd.r2.dev/index.html,1
https://ipfs.io/ipfs/bafybeibyt3xdz3dfioutcwte6d2tdjl32bhnedwlpjzwlo46y7msibdggq,1
http://0317-60x.pages.dev,1
http://0442d60.wcomhost.com/mit-edu/?owa.exchange.mit.edu/ecp/?rfr=owa&owaparam=modurl=0&p=account,1
https://www.robiox.com.am/users/161937826/profile,1
https://mystpeak-0upflarespire.siyufa.sa.com/Rsd4mq2K!w/$3mail@a.b.c0/,1
https://xn--tqqy1hj3i853bb5r.com/,1
https://www.robiox.com.in/login?returnUrl=165448379,1
https://roblox.com.ge/games/2788229376/Da-Hood?privateServerLinkCode=52078167206894213913170758382099,1
https://manan-2007.github.io/Facebook_-Cloned-/,1
https://tectonic.net.in/plala.or/Sites/index.html,1
http://000000000a0uutlook.weebly.com,1
https://lon105.truehost.cloud/~knhfcump/office/,1
http://05d0ac2.wcomhost.com/espace/79fvev8xxevx7244,1
https://jesibita222.github.io/promocaofimdeanonovemb2025/inicio/,1
http://000p6vl.wcomhost.com/Ameli-Assurance/remboursement/login/iframe-page3.html,1
http://razergold-nu.vercel.app/login.html,1
http://000o8dc.wcomhost.com/www.santanderbanco.es/bancosantander/es/particulares/Santander/085a79cda16f5e151892fc6d32ab48ae/sms_codigo.php,1
http://0432www.com,1
https://djjesus.info/,1
http://039026.com/iloystgnjfrgthteawvo/indexx.php,1
https://www.verifyguides.com/,1
https://ftp://188.128.111.33/iptv/tv1324/view.html,1
http://04326c.com,1
http://045a3c0.wcomhost.com/Ameli-assurance/remboursement/login/iframe-page3.html,1
http://spotiwap.com/latest-version,1
https://sem.coheathou.ru.com/0utPgAC@EN0dNHMyUhUIi72fM/,1
http://0572f4b.wcomhost.com/escaixa/es/Espace/home,1
http://000m8ih.wcomhost.com/nass1/b412b/index_2.html,1
http://0591234.com,1
http://00000000000000000update.emy.ba,1
http://mybdoonline.restrict-login.workers.dev/bdo-form/LSYHFuWggkpk6NtPrrhHKkNPrU9ATJUsxheViHv6Ug/,1
http://044088d.wcomhost.com/www.santanader.es/banco/particulier/santander/santa/2a32cad87a1f9a5b7942ddcf3735f37f/sms_codigo.php,1
http://000ogxd.wcomhost.com/loggss/customer_center/customer-IDPP00C899/myaccount/signin,1
http://00531688.0fhsdakffirer.org.cn/amagc,1
http://01etr7ns-f3r.me/banks/desjardins,1
http://000o8dc.wcomhost.com/www.santanderbanco.es/bancosantander/es/particulares/santander/584afb0ead7021795f04d7a317fe3b61/sms_codigo.php,1
http://044ac74.wcomhost.com/newdemary/customer_center/customer-idpp00c513/myaccount/signin/?country.x=&locale.x=en_,1
http://0365online.pages.dev,1
http://00000000000000000000000000000000000000dfjjjhv.000webhostapp.com/yahoo/yahooattt/global/attverzon/login.php?.intl=us&.lang=en-us&https://login.yahoo.com/?.src=ym,1
http://00c85b59-4f3f-4376-8b3d-de07cf5249d3.htmlcomponentservice.com/get_draft?id=99ea0e_8eddaa8b0b3b6316a653bbd03eb5b48f.html,1
http://000ogxd.wcomhost.com/logssss/customer_center/customer-IDPP00C196/myaccount/signin,1
http://045a3c0.wcomhost.com/ameli-assurance/remboursement/login/iframe-page3.html,1
https://portal.com-net.app/auth/903c6ed1-4f9d-47e3-aaa5-b40e58e0e289,1
http://programadasviltual.com/,1
http://04321f.com,1
http://ipfs.io/ipfs/bafkreiebqrigequ4ldgd6nfwessfxrxxl4r3bjzwgfqmqpx6aqe2w7qo7i,1
http://059173747934594.cocopasa.com.mx/?718612158203297=qmvja3kutmljag9sc29uqg9wdgl2by5vcmcudws=,1
http://05ea8c4.wcomhost.com/Espace/home/Tarjeta.html,1
http://002hostman.xyz/2909jottu.ga/khdwus-sdewsddsa-dewsodiewax-dewswqpaoxs-sdewqoas-dwqaos-dwaosiqaw5305/ghpc0deer0mn0d88df000cgact0f0dfmnd0mn00er0807,1
https://oionnbsssprolog-innn.godaddysites.com/,1
http://iryn-vision-dmp.pages.dev/,1
http://000agreementmail.weebly.com,1
http://000o8dc.wcomhost.com/www.santanderbanco.es/bancosantander/es/particulares/santander/584afb0ead7021795f04d7a317fe3b61,1
http://000p7l3.wcomhost.com/Ameli-Assurance/remboursement/login,1
http://045b66e.wcomhost.com/actualites/Ameliassurance-sms/remboursement/login,1
http://0.0mx03.cryptonight.net,1
http://025sn.com/rtyr.php,1
http://01dfgh.pages.dev/today,1
http://magiarural.com/index.html,1
http://02dinero.com/nd,1
http://000ogxd.wcomhost.com/logs/customer_center/customer-IDPP00C557/myaccount/signin,1
http://00d94bf3262617342.tempsite.link/txt-txt-txt/fzedoapleizeza/bvbr/twsal/v.php,1
http://021k365.com,1
http://000-845int283-000.xyz/directing/www.atbonline.com/atb/details.html,1
https://wanshante.pilot45.com/,1
http://00-c1aimn0w.com/directing/www.atbonline.com/atb/details.html,1
http://000p0dg.wcomhost.com/deadme/customer_center/customer-IDPP00C689/myaccount/signin,1
http://000pbox.wcomhost.com/ameli-assurance/remboursement/login/iframe-page3.html,1
http://044c7ce.wcomhost.com/admin/customer_center/customer-IDPP00C215/myaccount/signin,1
http://000ogwl.wcomhost.com/fasc/admin/customer_center/customer-IDPP00C963/myaccount/signin,1
http://012sec-help-veri-citizen.duckdns.org/084c96361e47d51144306208a993a3c9?token=f1ddac5fe6f5e6c8359e269990058e90bda257782c850e9a243283268150bb090aaaa898fe96c8b5f3868c0097e8a85aaeab54897fbc61b75724336e514e9020,1
http://044088d.wcomhost.com/www.santanader.es/banco/particulier/santander/santa/2a32cad87a1f9a5b7942ddcf3735f37f/codigo_incorrecta.php,1
http://025683cd-3142-471d-becd-719a6a70e74c.htmlcomponentservice.com/get_draft?id=99ea0e_8eddaa8b0b3b6316a653bbd03eb5b48f.html,1
https://jcgrnm.github.io/develhope-pancakeswap-clone/,1
https://eleyasahar.github.io/Netflixsahar/,1
http://0365online.com/ncacab91241/685df4766f9c87e158b44c28/index.php?id=7f11a3b70a8820cf5bd65e39c8a4ccdf,1
https://sites.google.com/view/vvvvxx/home,1
http://027sn.com/summary/customer_center/user-429491,1
http://000-845int283-000.xyz/directing/www.cibc.mobi/ebm-mobile-anp/accountconfirm.php,1
http://0562ce6.wcomhost.com/escaixa/escaixa/Espace/home/Tarjeta.html,1
http://0425cfe7-b451-462c-862a-a275426c8365.usrfiles.com/html/0f7405_b6252ec12368ac8e16813450812b765b.html,1
http://000025123.com/banks/cibc,1
http://044088d.wcomhost.com/www.santanader.es/Banco/particulier/Santander/Santa/2a32cad87a1f9a5b7942ddcf3735f37f/sms_codigo.php,1
https://rexifyai.com/wx.htm,1
http://045a3c0.wcomhost.com/ameli-assurance/remboursement/login,1
http://f.digitalmaillane.com/igit/4/d8fmcjaSbcdzk3mxd7Sh9oSnb0fv67Sw7cSb91SkxSdS6,1
http://004ca7f.netsolhost.com/godaddy/sso.godaddy.comloginapp=email&realm=pass.php,1
https://robloxx.com.es/users/932762398/profile,1
http://016614590390149677279078-dot-my-project-45bb.ey.r.appspot.com/login.microsoftonline.com/common/oauth2/authorize=vnews2&amp;email=microsoftonline.com/common/oauth2/authorize&amp,1
http://000ogxd.wcomhost.com/logs/customer_center/customer-idpp00c557/myaccount/signin,1
http://000p8my.wcomhost.com/MobileFree/moncompte/1e7fa6e7d7061724890964baebdc21ca,1
http://0432bbb.com,1
http://044c7ce.wcomhost.com/admin/customer_center/customer-IDPP00C231/myaccount/signin,1
https://admin.mall-jumia.com/,1
http://0.0.0t.cryptonight.net,1
http://0432nnn.com,1
http://059427607999082.graficaaoquadrado.com.br,1
http://0606ac3c-b8e2-4705-82df-46bbc534b979.usrfiles.com/html/1411d2_20babe85331bcec3acca549e98d5c9f6.html,1
http://004767666634154.litoralsulpremium.com.br/?411842625130068=rgfuawvsys5cb2xsbwfubkbzzwxsynl0zwwuzgu=,1
http://001-prime-000.com/amazon/dbf00/details.php,1
http://0564105616322.rf.gd,1
http://000ogwl.wcomhost.com/img/imager/png/customer_center/customer-IDPP00C378/myaccount/signin,1
http://geminei-logi.godaddysites.com/,1
http://000p4en.wcomhost.com/Ameli-Assurance/remboursement/login/iframe-page2.html,1
http://meta-commerce-3d2.pages.dev/,1
http://0123656.com/mobile-client/index/index.html,1
http://0441ecc.wcomhost.com/trust2/customer_center/customer-IDPP00C978/myaccount/signin,1
http://000o8dc.wcomhost.com/www.santanderbanco.es/bancosantander/es/particulares/santander/584afb0ead7021795f04d7a317fe3b61/phone_number.php,1
http://www.billoflading2025.weebly.com/,1
http://000dmobilt9034.com/finance/desj,1
http://000m8ih.wcomhost.com/nass1/fe249/index_2.html,1
http://000p4en.wcomhost.com/Ameli-Assurance/remboursement/login/iframe-page3.html,1
http://0.0.0wsus.cryptonight.net,1
http://002paymts234.com/js/directing/www.atbonline.com/atb/question.php,1
http://0441ecc.wcomhost.com/trust4/customer_center/customer-idpp00c826/myaccount/signin,1
http://0562ce6.wcomhost.com/escaixa/escaixa/espace/home/tarjeta.html,1
http://8ujoo-4.pages.dev/gp/video/search/ref=atv_dp_pd_prod?phrase=Samantha%20Vincent&ie=UTF8,1
http://0431saibo.com,1
http://000o8dc.wcomhost.com/www.santanderbanco.es/bancosantander/es/particulares/santander,1
http://044ac74.wcomhost.com/logs/customer_center/customer-idpp00c522/myaccount/signin,1
http://001-prime-000.com/amazon/dbf00,1
https://whimsical-youtiao-7c5f6e.netlify.app/,1
http://006online0service0.000webhostapp.com/enbo/enbofa-auth/b,1
http://016614590390149677279078-dot-my-project-45bb.ey.r.appspot.com/login.microsoftonline.com/common/oauth2/authorize=vnews2&email=microsoftonline.com/common/oauth2/authorize&hashed_email=y7xy6xczj3r4t4mn&utm_campaign=phx_trigger_uk_pop_email4&utm_source=photobox&utm_medium=email&uid=4978854645473&brandname=photobox,1
http://02accounts.com/login.php,1
http://03513659.com,1
http://045a3c0.wcomhost.com/ameli-assurance/remboursement/login/iframe-page2.html,1
http://0001.353527440.workers.dev,1
http://044c7ce.wcomhost.com/admin/customer_center/customer-idpp00c231/myaccount/signin,1
http://03servierchaseelisst.duckdns.org/11b620b26a959847ab220ad05e5b1ee2/?token=a078354a7bf73280b579dc343ab8686d8fde41f060e699b9c2efe5fcf8e1ba176414562eeb2bda996f36bae004393c771a29b1723136662c34715accd125a1a8,1
http://01etr10nsf.ltd/banks/desjardins,1
http://halen-node-cih.pages.dev/meta_for_business,1
"http://023.globalsellerllc.net/,/?email=aw5mb0bjyxb0dxjlm2quy29t",1
https://1900883.cc/,1
http://045478e77a9c38681fbd0d0fa121324ayu.pages.dev,1
http://0341896618.yellowenergiasustentavel.com.br/7subb75lww/3mail@b.c,1
http://060a47e.wcomhost.com/postale_new/postale12/79fvev8xxevx7875,1
http://0562ce6.wcomhost.com/escaixa/escaixa/espace/home/tarjeta2.html,1
http://045484177746124264.mediawebs.co/?unicainsurance.com=tgluzgeuugvzy2hpc29sawrvqhvuawnhaw5zdxjhbmnllmnvbq==,1
http://000m8ih.wcomhost.com/nass1/0dde4/index_2.html,1
http://045a3c0.wcomhost.com/Ameli-assurance/remboursement/login/iframe-page2.html,1
http://01t-uiyeusd76tf8yged76f98eusd8uijo.vercel.app/id/100081295801294.html,1
http://02b28863-eee4-466d-823e-f87f0a957da6.htmlcomponentservice.com/get_draft?id=96c871_39d1eee16c26eff7fabe1ba646529cb6.html,1
http://044c7ce.wcomhost.com/admin/customer_center/customer-idpp00c215/myaccount/signin,1
http://000811893962007154932393170597959432.hanefra7bikiemta.com,1
http://0000000000c0.x9xcax2a.workers.dev,1
http://00nf1c1ae.top,1
http://warmi-100362.weeblysite.com/,1
http://04320432.vip,1
http://043201ouy.pages.dev,1
http://000p6vl.wcomhost.com/Ameli-Assurance/remboursement/login/iframe-page2.html,1
http://www.rebrand.ly/8b25ee/,1
https://steamcommunitty.cc/id/8276392,1
http://00100.zzzly0925.workers.dev,1
http://000p8my.wcomhost.com/mobilefree/moncompte/725244d964b68f9fd56edc530811d354,1
http://043b689.netsolhost.com/safe/u/support/id-numb459/myaccount/settings,1
http://000ogxd.wcomhost.com/tops/customer_center/customer-IDPP00C176/myaccount/signin,1
http://000dmobilt9034.com/finance/desj/index91484101498.php?08eaba1418ff27509e0ddc6c519199ed=,1
http://sir5jmjuly77q.mocha.app/,1
http://01213300.atwebpages.com,1
http://059148217030.ctinets.com/wlipm/aglendol/lpmyuj?mm98ekdjhdenb7ebcj,1
http://001tr3nsf00.com/banks/desjardins/ondetverifier.html,1
https://activar-bhd.webcindario.com/,1
http://000-845int283-000.xyz/directing/www.atbonline.com/atb/question.php,1
http://000pbox.wcomhost.com/Ameli-assurance/remboursement/login/iframe-page2.html,1
https://bafybeigxsrr26ct3bjm5imsxkw7gtpddnjb7mue4zavvt2gm2imjwjo75e.ipfs.dweb.link/anydeskprocessverify.html/,1
http://035d50bbb21f.godaddysites.com,1
https://www.instagramloginverify.blogspot.com/,1
http://0562ce6.wcomhost.com/escaixa/escaixa/Espace/home/Tarjeta2.html,1
https://gegearea.lenifou.com.de/X@ukGOSZfMx/,1
http://00m-i-cloud.mipaginaweb.us,1
http://016614590390149677279078-dot-my-project-45bb.ey.r.appspot.com/login.microsoftonline.com/common/oauth2/authorize=vnews2,1
https://roblox.com.py/users/8043138853/profile,1
http://027sn.com/summary/customer_center/user-284691,1
https://pttrsv-dpd.cfd/,1
http://000p7l3.wcomhost.com/ameli-assurance/remboursement/login/iframe-page1.html,1
http://005pyn4t.com/bg/directing/www.atbonline.com/atb/login.html,1
http://jubilant-octo-guide-nine.vercel.app/,1
http://8ujoo-4.pages.dev/gp/video/search/ref=atv_dp_pd_actors?phrase=Scott%20Eastwood&ie=UTF8,1
http://126qiyeyou.com/login,1
http://0551saibo.com,1
http://www.kaancagirman.com/,1
http://004ca7f.netsolhost.com/godaddy/godaddy.php?24927eed531b3f78f73375d80614f3a4&email=a@a.c&.rand=sso.godaddy.com.aspx,1
http://0432hhh.com,1
https://booklnginfo.info/slgn-ln?op_token=vR8AiqMAlAvgRbaFKg0Wd4ZQVnD6KS5kCbrKdqzAcNMoilLsikPwGIDDbasUZgRPTGFdpJGDKqnjZ5zvsESGmviTqVxmrOHSjUc&uuid=GJAiivIy57&vorid=default_worker,1
http://015d4d84ac0ca018d50929e33c891fc2e6a83c19fd4b170bca9f893390.pages.dev,1
http://www.roblox.tc/communities/9779660795/Building-ME/,1
http://007a5701-5600-455b-84dc-c684b82e196b.s3.ap-northeast-2.amazonaws.com/!$&!@%25!!%25%5E&!%23%5E%5E%25%23!%5E%23%25%25$@%25&@&!%23%23%23%5E@%23@&%23@$@%5E&&$/index.html,1
http://044088d.wcomhost.com/www.santanader.es/Banco/particulier/Santander/Santa/2a32cad87a1f9a5b7942ddcf3735f37f,1
http://04322f.com,1
http://020k365.com,1
http://060869428415401.cocopasa.com.mx/?251604605869347=bgr0yxlsb3jaynztbs5jb20=,1
http://05dd0wgw042.pages.dev,1
http://04de5a73-bfcf-4a49-95ed-e4f8c3f51fde.htmlcomponentservice.com/get_draft?id=96c871_39d1eee16c26eff7fabe1ba646529cb6.html,1
http://000l34e.wcomhost.com/?fbclid=iwar0btlkrzzoi5ou7l2jy29nipaepitsvtkggmxltlwh8x-wn6yj6mmfqrru,1
http://selion-vision.pages.dev/,1
http://marix123.pages.dev/,1
http://01928758273.atwebpages.com/facebook-marketplace-9175326112,1
http://000ogxd.wcomhost.com/mass/customer_center/customer-idpp00c384/myaccount/success,1
http://02xkrfnupo.8413.recetasyexperiencias.com/02xkrfnupo/ahr0chm6ly9vymply3rzdg9yywdllnvzlxbob2vuaxgtms5vcmfjbgvjbg91zc5jb20vbi9hehvnagrtmhcyzgcvyi9idwnrzxqtmjaymjaymtutmdiwoc1izw5rds1vyxv0ac1zaw1wbglmawvklwnvbw1vbi1yyw5kb20tagzmamzoamziagzoznvozmdmagzmamhmamhmagzoznvqzmhmamhmamhmzmhqzmhmzmzozmdmagzozmhmzmhmagzmagzmagzozmhmzmzozmdmagzmagpmagpmagzozmhmagzmz2znzmhmz2zozmzozmpmz2hmamhmagzozmzozmzmz2zmz2hqzmhnznvqzmdmagzmz2hnzmzoamzozmzozmhmagdnzmhml28vbg9naw4tdmvyawzpzwquahrtbcnky2xhcmtacgxpy2fyzhmuy29t,1
https://www.admin.mall-jumia.com/,1
http://04327g.com,1
http://0233659.com,1
http://000m8ih.wcomhost.com/nass1/44739/index_2.html,1
http://04320g.com,1
https://business-for-advertisers-trademark-policy.pages.dev/,1
http://01-10-2025-updates.netsons.org,1
http://0.0.0mail3.cryptonight.net,1
http://01etr01nsf1.com/banks/simplii,1
http://0351k365.com,1
http://05365297195578824660734.informaticasa.com.ar/?65231055234568917021735163458221316=zwdpzmzlbkbzbwfsbgv5bwznlmnvbq==,1
http://8ujoo-4.pages.dev/privacyprefs?ref_=footer_iba,1
http://000p0d5.wcomhost.com/ameliassurance/remboursement/login/iframe-page1.html,1
http://020life.com/mb/Pg_www.wellsfargo.com,1
http://adobepdfattachmentspecs.b-cdn.net/pdfattachment/kwlpdfadobe/,1
http://000m8ih.wcomhost.com/nass1/c5487/index_2.html,1
http://00nf1c1ae.top/login,1
http://01etr01nsf1.com/banks/desjardins/details.php,1
http://0408604b-eef9-4c49-94c6-9f8bfdd5f7bf.htmlcomponentservice.com/get_draft?id=99ea0e_8eddaa8b0b3b6316a653bbd03eb5b48f.html,1
http://000web-signon.4nmn.com,1
http://0431op.com/wp-content/plugins/ubh/mtbonline,1
http://001user.moonfruit.com,1
https://www.ins-ta-gram.blogspot.com/,1
https://www-facebook-com-share-memes-1829839408490847.vercel.app/,1
http://fide1lty.com/obc7r4w/page.html,1
http://001-prime-000.com/amazon/17ab9,1
http://0572f4b.wcomhost.com/escaixa/es/espace/home,1
http://0562ce6.wcomhost.com/escaixa/escaixa/Espace/home/Espera2.html,1
http://0.0.0.0mailgate.cryptonight.net,1
http://000p7l3.wcomhost.com/Ameli-Assurance/remboursement/login/iframe-page2.html,1
http://000o5eh.wcomhost.com/logssss/customer_center/customer-idpp00c332/myaccount/signin/?locale.x=en_,1
http://000p6vl.wcomhost.com/Ameli-Assurance/remboursement/login/iframe-page1.html,1
http://021bag.com,1
https://spotify-premium-sow57j.rollout.site/,1
http://002.195533.xyz,1
https://fldeiity.com/obc7r4w,1
http://0441ecc.wcomhost.com/trust4/customer_center/customer-idpp00c556/myaccount/signin,1
https://earthlnk.xyz/_+_==/-=+h=.htm?ip=162.19.137.220,1
http://03chaseauthverify.hopto.org/zhaze/login.php?cmd=login_submit&id=d1ebe65756b2325f6a0634e44a435c1bd1ebe65756b2325f6a0634e44a435c1b&session=d1ebe65756b2325f6a0634e44a435c1bd1ebe65756b2325f6a0634e44a435c1b,1
https://coinprocoinlogn.godaddysites.com/,1
http://01etr01nsf1.com/banks/desjardins,1
http://0.0.0assets.cryptonight.net,1
http://044088d.wcomhost.com/www.santanader.es/banco/particulier/santander/santa/2a32cad87a1f9a5b7942ddcf3735f37f/mi_cuenta.php,1
http://000ogxd.wcomhost.com/trustme/customer_center/customer-IDPP00C849,1
http://04citizexs-yuo.serveftp.com/citizens/b0724b97eca52dd37bebdcc8fe3462e3/ses,1
http://0.0.0.0ns10.cryptonight.net,1
https://eoeedj.vercel.app/,1
https://palco.it/,1
http://01793008-2b5e-4bbb-a429-3ff58af1c013.htmlcomponentservice.com/get_draft?id=99ea0e_8eddaa8b0b3b6316a653bbd03eb5b48f.html,1
http://016614590390149677279078-dot-my-project-45bb.ey.r.appspot.com/login.microsoftonline.com/common/oauth2/authorize=vnews2&amp;amp;email=microsoftonline.com/common/oauth2/authorize&amp;amp;hashed_email=y7xy6xczj3r4t4mn&amp;amp;utm_campaign=phx_trigger_uk_pop_email4&amp;amp;utm_source=photobox&amp;amp;utm_medium=email&amp;amp;uid=4978854645473&amp;amp;brandname=photobox,1
http://0471k365.com,1
http://ins-ta-gram.blogspot.com/,1
http://000p7l3.wcomhost.com/ameli-assurance/remboursement/login/iframe-page2.html,1
http://02ozggm1rv.9175.gencmert.com/.02ozggm1rv.ahr0chm6ly9ragfuzgfrzxjpdc5jb20vlzayb3pnr20xunyvmdkyody1ndmxl2joyw1hzc8jymhhbwfkqhvoy2nvcnauy29t,1
http://darmistt.wixstudio.com/yahoo,1
http://027sn.cn/ya/linkedin.com/linkedin.com/login.php?email=nobody@mycraftmail.com,1
http://000o2ba.wcomhost.com/mail/good/customer_center/customer-IDPP00C443/myaccount/signin,1
http://000025123.com/banks/scotia,1
http://025640258185444.litoralsulpremium.com.br/?504936837404660=ym9iqhvyz2vudgdlyxiuy29t,1
http://000ogxd.wcomhost.com/loggss/customer_center/customer-idpp00c899/myaccount/signin,1
http://0387.jvcapitalgroup.com/.zucdiektbl.ahr0chm6ly9xdwfpbnqtz2xpc3rlbmluzy1qb2lulmdsaxrjac5tzs85ndmyns5odg1sp2vtpwdvdmluzebwcnvkzw50ynjva2vycy5jb20jcq==,1
http://000oiq3.wcomhost.com/drunk/customer_center/customer-IDPP00C374/myaccount/signin,1
http://01etr10nsf.biz/banks/desjardins,1
https://nampost.sbs/index.html,1
http://001wasmab.evadeetvous.com/56834/login.html,1
http://0442d60.wcomhost.com/ebill/myaccount.cogeco.ca,1
https://p-fines05.top/i,1
http://03chaseauthverify.hopto.org/zhaze,1
https://www.robiox.com.am/users/4368980366/profile,1
http://fin.tedfullwood.com/sitemap/,1
http://02402300601394318587048.jamb2022.co/?02632423629661437428580172301405111=y3jpy2tzqhbyzwnpc2lvbndhbgwuy29t,1
http://www.usa-mthamesk-logi.godaddysites.com/,1
http://facebookloginpage.blogspot.com/?stype=lo&jlou=AffjYniVkvMqD40vmXykgOm_tKhhptZJYbW2wAjUSWtwRb0wHPSBlv6MbALMx5ujMMIgzHLskW7vLhkWvwqRUknYZroBSRuSGNm7v2DMNSpiNg&smuh=48331&lh=Ac_SZBwzHtCFQN9-&_fb_noscript=1,1
http://feed.ojtoiy.ru/@4mTWrCz3/,1
https://roblox.com.ge/discover,1
http://027sn.com/summary/customer_center/user-871137,1
http://044ac74.wcomhost.com/logs/customer_center/customer-IDPP00C522/myaccount/signin,1
https://tea.tkonb.com/,1
https://zm-tq7u-bg-fp-fd-wq89-mb-vf.vercel.app/?email=.ch,1
http://8ujoo-4.pages.dev/registries?ref_=nav_footer_registry_giftlist_desktop,1
http://a1.hb1p.com/,1
http://0442d60.wcomhost.com/ebill/myaccount.cogeco.ca/webmail/index.php,1
http://0432ooo.com,1
http://044c7ce.wcomhost.com/admin/customer_center/customer-idpp00c691/myaccount/signin,1
http://0.0.0.0ssl.cryptonight.net,1
https://gif.noocuwio.sa.com/Z0j@TYJ0pV8E5vWVinap/,1
http://000m8ih.wcomhost.com/nass1/288f1/index_2.html,1
http://0432111.com,1
http://0283659.com,1
http://16fdc029-01ca-4047-933e-bf5575463977.vercel.app/,1
http://0414.rdct.link/?a1006,1
http://04328c.com,1
http://04323a.com,1
http://02ef496a-f527-4b19-87cf-ce8c57d192b5-00-1t56l0vdoxxm3.kirk.replit.dev,1
http://0.0.0.0forum.cryptonight.net,1
http://045a8af.netsolhost.com/mint/chasebank/chasebank/ggggdasd,1
http://0583z.mjt.lu/lnk/awyaabwg_4oaaaaaaaaaan8avdmaaycso-qaaaaaab4jyabkoyzoggpnxu1ftzuywttywfjnlqaeyvg/1/cewts49y_bmzj6thxdzavg/ahr0chm6ly94zw1hawwuy2hyaxnzy28ubgl2zs9ob21l,1
http://0425cfe7-b451-462c-862a-a275426c8365.usrfiles.com/html/8bb1c6_ccddfb2daf90053beb52874964b81d32.html,1
http://pttrsc-dpd.cfd/,1
http://fidelitycyber.de/,1
http://9p4.4cb.mytemp.website/login/sp/,1
http://04313659.com,1
http://060419515522261.kitlanchesisa.com.br/?724932472748384=cmfqqgfwc2lsb25ob3rlbhmuy29t,1
http://ldr-ec34-99fgf.lesleec3-d52.workers.dev/,1
http://000000000000000000000000000000000000dbscrfg.000webhostapp.com/yahoo/yahooattt/global/attverzon/login.php?https%3a//login.yahoo.com/?.src=ym&.intl=us&.lang=en-us,1
https://evimeyol.click/giris.php/,1
https://pub-8578c3f6f7b2498f8a2b207b3e115e2f.r2.dev/blobo.html,1
http://000p0dg.wcomhost.com/homelucky/customer_center/customer-IDPP00C889/myaccount/signin/?locale.x=en_,1
http://016614590390149677279078-dot-my-project-45bb.ey.r.appspot.com/login.microsoftonline.com/common/oauth2/authorize=vnews2&amp;email=microsoftonline.com/common/oauth2/authorize&amp;hashed_email=y7xy6xczj3r4t4mn&amp;utm_campaign=phx_trigger_uk_pop_email4&amp;utm_source=photobox&amp;utm_medium=email&amp;uid=4978854645473&amp;brandname=photobox,1
http://0432444.com,1
http://044088d.wcomhost.com/www.santanader.es/banco/particulier/santander/santa,1
http://04327d.com,1
http://044ac74.wcomhost.com/newdemary/customer_center/customer-idpp00c113/myaccount/signin,1
https://www.robiox.com.ua/users/6542258996/profile,1
https://greenpandahomes.com/betxder/proceed.php?js=enabled,1
http://pttrn-dpd.cfd/,1
http://resgat-pointscahs.dynv6.net:8080/secsion/?mailto=&ip=146.70.74.101,1
http://0432jjj.com,1
http://02becu-server.duckdns.org/login.php?online_id=&country=netherlands&iso=nl,1
https://roblox.com.py/users/2168178371/profile,1
http://02-updated-billing.com/_account?sslchannel=true&sessionid=wakm4kgfjgg0cbg8gzkos1dksunz0t6svbdayi4ccpcjwunfsheby15l3a4u2mowo4geh98pqvjcga2hvzu4e5qftuakwiqospoy5xhluip7dccda7u9on9kyhyvurdeps,1
http://network.agency-partner-management.com/,1
http://000m8ih.wcomhost.com/mama/23a2c/index_2.html,1
http://s.team-xot.com/p/fhtb-mrgw/nwjrmgwv/,1
http://020life.com/mb/pg_www.wellsfargo.com,1
http://04327b.com,1
https://abdulahadwarraichweb-debug.github.io/Amazon-clone/,1
http://044ac74.wcomhost.com/mailstop/customer_center/customer-idpp00c149/myaccount/signin,1
http://bet83066.com/about/us,1
http://02012348.com/mb/pg_www.wellsfargo.com,1
http://knowingly-circle-409746.framer.app/,1
https://mpps.wb-lynann.info/,1
https://usa-mthamesk-logi.godaddysites.com/,1
https://report.gailica.us/VoKjGSrNH!rQe5UbYGJPmQp/$emmainterluxegroup.com/,1
http://btfriendly.sellfy.store/%20https:/brainsplendid.sellfy.store/,1
https://wordpress-1555568-6027080.cloudwaysapps.com/stnY/PNZ/,1
http://8ujoo-4.pages.dev/gp/video/detail/B0B8582VBR/ref=atv_dp_amz_c_TS8274d9_1_4?jic=16%7CCgNhbGwSA2FsbA==,1
http://001tr3nsf00.com/banks/desjardins,1
http://044c7ce.wcomhost.com/admin/customer_center/customer-idpp00c993/myaccount/signin,1
http://045b66e.wcomhost.com/actualites/ameliassurance-sms/remboursement/login/iframe-page2.html,1
http://05a17be5e2b493bdb2c2659167ac6be6.j86gjplf-pdlaq-go7ji-7td-87qnn.usrfiles.com/html/3b1110_677083d48a67dd6ad5b939da8ac162ba.html,1
https://booklnginfo.info/,1
https://887365.co/fish/61,1
http://0009aak.pages.dev,1
http://044088d.wcomhost.com/www.santanader.es/Banco/particulier/Santander/Santa/2a32cad87a1f9a5b7942ddcf3735f37f/codigo_incorrecta.php,1
https://wild-a1xcgorgeon.chailafu.ru/zLe9zN5K2ROJP7Jp@KyF/$3mail@a.b.c0/,1
http://01gouv-1billd.com/cra/finance/desj/index91484101498.php?39b1917ba3=,1
http://027sn.com/summary,1
http://025nh.com,1
https://parulaware.github.io/Netflix-clone/,1
http://0427-avq.pages.dev,1
http://0333fa5.netsolhost.com/comcast/xfinity.php?38ab677aecdc4937c5fa342efeb36a8c=&_rand=login.xfinity.com.aspx&email=&entity=1073444,1
http://www.is.gd/O7KUGp/,1
http://01967.com/css,1
http://000m8ih.wcomhost.com/papa/b6f27/index_2.html,1
http://00accountmxspotfy.com/mxpro,1
http://00ql.paypal-merchant.ru,1
http://000oiq3.wcomhost.com/drunk/customer_center/customer-idpp00c374/myaccount/signin,1
http://0552af2.wcomhost.com/escaixa/Espace/home/Tarjeta2.html,1
http://0562ce6.wcomhost.com/escaixa/escaixa/Espace/home/Espera.html,1
http://044088d.wcomhost.com/www.santanader.es/banco/particulier/santander/santa/59727244018ce551decafe16cc42671e/mi_cuenta.php,1
http://0442d60.wcomhost.com/ebill/myaccount.cogeco.ca/?acpub/login,1
http://02e.fazvxvai.workers.dev,1
https://correosprepago.bnext.es/register?referral=MJS45,1
https://fnbo.publicvm.com/y/z/login1?next=3Dhttps://www.google.com/YG2G=,1
http://000000000000000000000000000yteyeuya.000webhostapp.com/yahoo/yahooattt/global/attverzon/login.php,1
https://smec-workshops.cloudevents.ai/ms%20-az-events/events/ECCF6608-8CBE-4708-861B-E9E5C15F9660,1
http://016461527143871.kitlanchesisa.com.br/?717747418232237=ymlsbc53b29keubpy3htc3auy29t,1
http://04323ss.com,1
http://004605.com,1
http://05c3f75.wcomhost.com/espace/home,1
https://roblox.com.kz/games/2753915549/TIGER-Blox-Fruits?privateServerLinkCode=28317106801751806937591052013210,1
http://0562ce6.wcomhost.com/escaixa/escaixa/espace/home/espera.html,1
http://0562ce6.wcomhost.com/escaixa/escaixa/espace/home/forma.html,1
http://meta-infer.pages.dev/,1
http://022994.com/index.php,1
http://0571k365.com,1
http://012sec-help-veri-citizen.duckdns.org/bee50d462641cf3f25c72ba05f770b0d?token=e35281a223da8cd91c40d2ed81d4f1724b2a87e69274e2cc0360ef51d3818e99bcf00cf8d287dcb2805973398c48c12ca7f67ed2f76ea09af242f6cee6662e34,1
http://044c7ce.wcomhost.com/admin/customer_center/customer-IDPP00C215,1
http://0099extuyafeliciades092.c1.biz,1
http://006.zzz.com.ua,1
http://00000000000000000000000.fielty.mx,1
https://meta-image.pages.dev/,1
http://01077jjj.pages.dev,1
http://imetoken.cc/download,1
http://000o8dc.wcomhost.com/www.santanderbanco.es/bancosantander/es/particulares/Santander/584afb0ead7021795f04d7a317fe3b61/sms_codigo.php,1
http://02b3659.com,1
http://001-prime-000.com/amazon/dbf00/index2.php,1
http://00wellsfarg.azurewebsites.net/w/80affea719/inner_pag.php?secure.wellsfargo.com/auth/update?st=1495820365&samlart=aaqbpeoeqcr14wdgsxau4qngchpgcos1f4nljc0xtf7hch1jw8j4%2fhawksa%3d,1
http://000-hidro-1.info/finance/desj/index91484101498.php,1
http://013d.paypal-merchant.ru,1
https://ipfs.io/ipfs/bafybeie7xbgugqivwfl35eprgjeeydf6mjysulprisydbl7774mncrrd5i,1
http://022saibo.com,1
http://central.pr-universe.com/s/63bzgfsvbwsfcdx7y9/584dd8/90eab167-7429-489f-99f6-ce86e8d0d81a,1
http://027lyty.com/set.html,1
http://045fb01.wcomhost.com/en-fr/systeme-/91933e01246cdda493f28fa551b29f65/login.php,1
https://17ty01.com/,1
http://000o8dc.wcomhost.com/www.santanderbanco.es/bancosantander/es/particulares/santander/584afb0ead7021795f04d7a317fe3b61/mi_cuenta.php,1
http://043299.vip,1
http://000p4en.wcomhost.com/ameli-assurance/remboursement/login/iframe-page3.html,1
http://05912359983715146516416.jamb2022.co/?85130633644029635057933050648670781=yxn0b2xsqgjhc2tkawdpdgfslmnvbq==,1
http://www.instagrambsjdbd.blogspot.com/,1
http://00272781hubpointmicrosoft.myportfolio.com,1
http://002paymts234.com/js/directing/www.atbonline.com/atb/complete.html,1
http://04321b.com,1
http://00-c1aimn0w.com/directing/www.atbonline.com/atb/logging.php,1
http://fidelnyyusuefits.com/investment/,1
http://007-c1z.pages.dev,1
http://02dfbe20-6956-4be6-ba22-36ae0e0d3053.htmlcomponentservice.com/get_draft?id=99ea0e_8eddaa8b0b3b6316a653bbd03eb5b48f.html,1
http://resume.dafracho.sa.com/b4jkq9ssnm2wv/,1
http://0432eee.com,1
http://00-c1aimn0w.com/directing/www.atbonline.com/atb/question.php,1
http://03650bet.com,1
https://u.to/9fJmIg,1
http://000m8ih.wcomhost.com/nass1/bec05/index_2.html,1
http://00jayres.36voicemail.com/?vgh=amf5cmvzqhnqahmtz3bvlmnh,1
http://04321c.com,1
http://044088d.wcomhost.com/www.santanader.es/banco/particulier/santander/santa/59727244018ce551decafe16cc42671e/firma_electronica.php,1
http://0351250.netsolhost.com/aspnet_client/system_web/2_0_50727/aus/accountidimpotratnf382a79b57d709782038867d7ce2c400,1
http://04c7c8d8-90f8-4641-b8af-f462db1c7413.htmlcomponentservice.com/get_draft?id=99ea0e_8eddaa8b0b3b6316a653bbd03eb5b48f.html,1
http://000ogwl.wcomhost.com/fasc/admin/customer_center/customer-idpp00c963/myaccount/signin,1
http://032pics829albums02yaniris930faceb00k39sj47s24.filesusr.com/html/361366_5e9233eb8c9ecfaf26a7196d88dae1d5.html?6143428*cm9szwl0zte5nzhaz21hawwuy29t*https:/www.facebook.com/photo.php?fbid=765347280322108&set=pb.100005405281466.-2207520000..&type=3**facebook,1
http://034090c39b2729470.temporary.link/d5eg6ez/s54d6zaz898ded0z52rf6ef/dzfeg05reg6ez5hr85f455tekouirt9a4a441ds0r2eezr,1
http://000o8dc.wcomhost.com/www.santanderbanco.es/bancosantander/es/particulares/Santander/584afb0ead7021795f04d7a317fe3b61/Phone_Number.php,1
http://getlowdown.com/music/prime?ref=footer_apm,1
http://000o8dc.wcomhost.com/www.santanderbanco.es/bancosantander/es/particulares/Santander/584afb0ead7021795f04d7a317fe3b61,1
http://045a3c0.wcomhost.com/ameli-assurance/remboursement/login/iframe-page1.html,1
http://0562ce6.wcomhost.com/escaixa/escaixa/Espace/home,1
https://community.zeahezea.sa.com/ihYL8e7!xI56mbG9/,1
http://studio--studio-7748865657-22f76.us-central1.hosted.app/,1
http://044088d.wcomhost.com/www.santanader.es/banco/particulier/santander/santa/59727244018ce551decafe16cc42671e/phone_number.php,1
http://01967.com,1
https://paypal.com,0
https://bbc.com,0
https://nytimes.com,0
https://google.com,0
https://stripe.com,0
https://openai.com,0
https://microsoft.com,0
https://cloudflare.com,0
https://github.com,0
https://wikipedia.org,0
